{
  "meter": 1.0,
  "feet": 3.28084,
  "yard": 1.09361
}
